Nombre,nombre_norm,coincide_con_geojson
Acebeda (La),la acebeda,✅ SÍ
Ajalvir,ajalvir,✅ SÍ
Alameda del Valle,alameda del valle,✅ SÍ
Alamo (El),el alamo,✅ SÍ
Alcalá de Henares,alcala de henares,✅ SÍ
Alcobendas,alcobendas,✅ SÍ
Alcorcón,alcorcon,✅ SÍ
Aldea del Fresno,aldea del fresno,✅ SÍ
Algete,algete,✅ SÍ
Alpedrete,alpedrete,✅ SÍ
Ambite,ambite,✅ SÍ
Anchuelo,anchuelo,✅ SÍ
Aranjuez,aranjuez,✅ SÍ
Arganda del Rey,arganda del rey,✅ SÍ
Arroyomolinos,arroyomolinos,✅ SÍ
Atazar (El),el atazar,✅ SÍ
Batres,batres,✅ SÍ
Becerril de la Sierra,becerril de la sierra,✅ SÍ
Belmonte de Tajo,belmonte de tajo,✅ SÍ
Berrueco (El),el berrueco,✅ SÍ
Berzosa del Lozoya,berzosa del lozoya,✅ SÍ
Boadilla del Monte,boadilla del monte,✅ SÍ
Boalo (El),el boalo,✅ SÍ
Braojos,braojos,✅ SÍ
Brea de Tajo,brea de tajo,✅ SÍ
Brunete,brunete,✅ SÍ
Buitrago del Lozoya,buitrago del lozoya,✅ SÍ
Bustarviejo,bustarviejo,✅ SÍ
Cabanillas de la Sierra,cabanillas de la sierra,✅ SÍ
Cabrera (La),la cabrera,✅ SÍ
Cadalso de los Vidrios,cadalso de los vidrios,✅ SÍ
Camarma de Esteruelas,camarma de esteruelas,✅ SÍ
Campo Real,campo real,✅ SÍ
Canencia,canencia,✅ SÍ
Carabaña,carabana,✅ SÍ
Casarrubuelos,casarrubuelos,✅ SÍ
Cenicientos,cenicientos,✅ SÍ
Cercedilla,cercedilla,✅ SÍ
Cervera de Buitrago,cervera de buitrago,✅ SÍ
Chapinería,chapineria,✅ SÍ
Chinchón,chinchon,✅ SÍ
Ciempozuelos,ciempozuelos,✅ SÍ
Cobeña,cobena,✅ SÍ
Collado Mediano,collado mediano,✅ SÍ
Collado Villalba,collado villalba,✅ SÍ
Colmenar Viejo,colmenar viejo,✅ SÍ
Colmenar de Oreja,colmenar de oreja,✅ SÍ
Colmenar del Arroyo,colmenar del arroyo,✅ SÍ
Colmenarejo,colmenarejo,✅ SÍ
Corpa,corpa,✅ SÍ
Coslada,coslada,✅ SÍ
Cubas de la Sagra,cubas de la sagra,✅ SÍ
Daganzo de Arriba,daganzo de arriba,✅ SÍ
Escorial (El),el escorial,✅ SÍ
Estremera,estremera,✅ SÍ
Fresnedillas de la Oliva,fresnedillas de la oliva,✅ SÍ
Fresno de Torote,fresno de torote,✅ SÍ
Fuenlabrada,fuenlabrada,✅ SÍ
Fuente el Saz de Jarama,fuente el saz de jarama,✅ SÍ
Fuentidueña de Tajo,fuentiduena de tajo,✅ SÍ
Galapagar,galapagar,✅ SÍ
Garganta de los Montes,garganta de los montes,✅ SÍ
Gargantilla del Lozoya y Pinilla de Buitrago,gargantilla del lozoya y pinilla de buitrago,✅ SÍ
Gascones,gascones,✅ SÍ
Getafe,getafe,✅ SÍ
Griñón,grinon,✅ SÍ
Guadalix de la Sierra,guadalix de la sierra,✅ SÍ
Guadarrama,guadarrama,✅ SÍ
Hiruela (La),la hiruela,✅ SÍ
Horcajo de la Sierra-Aoslos,horcajo de la sierra-aoslos,✅ SÍ
Horcajuelo de la Sierra,horcajuelo de la sierra,✅ SÍ
Hoyo de Manzanares,hoyo de manzanares,✅ SÍ
Humanes de Madrid,humanes de madrid,✅ SÍ
Leganés,leganes,✅ SÍ
Loeches,loeches,✅ SÍ
Lozoya,lozoya,✅ SÍ
Lozoyuela-Navas-Sieteiglesias,lozoyuela-navas-sieteiglesias,✅ SÍ
Madarcos,madarcos,✅ SÍ
Majadahonda,majadahonda,✅ SÍ
Manzanares el Real,manzanares el real,✅ SÍ
Meco,meco,✅ SÍ
Mejorada del Campo,mejorada del campo,✅ SÍ
Miraflores de la Sierra,miraflores de la sierra,✅ SÍ
Molar (El),el molar,✅ SÍ
Molinos (Los),los molinos,✅ SÍ
Montejo de la Sierra,montejo de la sierra,✅ SÍ
Moraleja de Enmedio,moraleja de enmedio,✅ SÍ
Moralzarzal,moralzarzal,✅ SÍ
Morata de Tajuña,morata de tajuna,✅ SÍ
Móstoles,mostoles,✅ SÍ
Navacerrada,navacerrada,✅ SÍ
Navalafuente,navalafuente,✅ SÍ
Navalagamella,navalagamella,✅ SÍ
Navalcarnero,navalcarnero,✅ SÍ
Navarredonda y San Mamés,navarredonda y san mames,✅ SÍ
Navas del Rey,navas del rey,✅ SÍ
Nuevo Baztán,nuevo baztan,✅ SÍ
Olmeda de las Fuentes,olmeda de las fuentes,✅ SÍ
Orusco de Tajuña,orusco de tajuna,✅ SÍ
Paracuellos de Jarama,paracuellos de jarama,✅ SÍ
Parla,parla,✅ SÍ
Patones,patones,✅ SÍ
Pedrezuela,pedrezuela,✅ SÍ
Pelayos de la Presa,pelayos de la presa,✅ SÍ
Perales de Tajuña,perales de tajuna,✅ SÍ
Pezuela de las Torres,pezuela de las torres,✅ SÍ
Pinilla del Valle,pinilla del valle,✅ SÍ
Pinto,pinto,✅ SÍ
Piñuécar-Gandullas,pinuecar-gandullas,✅ SÍ
Pozuelo de Alarcón,pozuelo de alarcon,✅ SÍ
Pozuelo del Rey,pozuelo del rey,✅ SÍ
Prádena del Rincón,pradena del rincon,✅ SÍ
Puebla de la Sierra,puebla de la sierra,✅ SÍ
Puentes Viejas,puentes viejas,✅ SÍ
Quijorna,quijorna,✅ SÍ
Rascafría,rascafria,✅ SÍ
Redueña,reduena,✅ SÍ
Ribatejada,ribatejada,✅ SÍ
Rivas-Vaciamadrid,rivas-vaciamadrid,✅ SÍ
Robledillo de la Jara,robledillo de la jara,✅ SÍ
Robledo de Chavela,robledo de chavela,✅ SÍ
Robregordo,robregordo,✅ SÍ
Rozas de Madrid (Las),las rozas de madrid,✅ SÍ
Rozas de Puerto Real,rozas de puerto real,✅ SÍ
San Agustín del Guadalix,san agustin del guadalix,✅ SÍ
San Fernando de Henares,san fernando de henares,✅ SÍ
San Lorenzo de El Escorial,san lorenzo de el escorial,✅ SÍ
San Martín de Valdeiglesias,san martin de valdeiglesias,✅ SÍ
San Martín de la Vega,san martin de la vega,✅ SÍ
San Sebastián de los Reyes,san sebastian de los reyes,✅ SÍ
Santa María de la Alameda,santa maria de la alameda,✅ SÍ
Santorcaz,santorcaz,✅ SÍ
Santos de la Humosa (Los),los santos de la humosa,✅ SÍ
Serna del Monte (La),la serna del monte,✅ SÍ
Serranillos del Valle,serranillos del valle,✅ SÍ
Sevilla la Nueva,sevilla la nueva,✅ SÍ
Somosierra,somosierra,✅ SÍ
Soto del Real,soto del real,✅ SÍ
Talamanca de Jarama,talamanca de jarama,✅ SÍ
Tielmes,tielmes,✅ SÍ
Titulcia,titulcia,✅ SÍ
Torrejón de Ardoz,torrejon de ardoz,✅ SÍ
Torrejón de Velasco,torrejon de velasco,✅ SÍ
Torrejón de la Calzada,torrejon de la calzada,✅ SÍ
Torrelaguna,torrelaguna,✅ SÍ
Torrelodones,torrelodones,✅ SÍ
Torremocha de Jarama,torremocha de jarama,✅ SÍ
Torres de la Alameda,torres de la alameda,✅ SÍ
Tres Cantos,tres cantos,✅ SÍ
Valdaracete,valdaracete,✅ SÍ
Valdeavero,valdeavero,✅ SÍ
Valdelaguna,valdelaguna,✅ SÍ
Valdemanco,valdemanco,✅ SÍ
Valdemaqueda,valdemaqueda,✅ SÍ
Valdemorillo,valdemorillo,✅ SÍ
Valdemoro,valdemoro,✅ SÍ
Valdeolmos-Alalpardo,valdeolmos-alalpardo,✅ SÍ
Valdepiélagos,valdepielagos,✅ SÍ
Valdetorres de Jarama,valdetorres de jarama,✅ SÍ
Valdilecha,valdilecha,✅ SÍ
Valverde de Alcalá,valverde de alcala,✅ SÍ
Velilla de San Antonio,velilla de san antonio,✅ SÍ
Vellón (El),el vellon,✅ SÍ
Venturada,venturada,✅ SÍ
Villa del Prado,villa del prado,✅ SÍ
Villaconejos,villaconejos,✅ SÍ
Villalbilla,villalbilla,✅ SÍ
Villamanrique de Tajo,villamanrique de tajo,✅ SÍ
Villamanta,villamanta,✅ SÍ
Villamantilla,villamantilla,✅ SÍ
Villanueva de Perales,villanueva de perales,✅ SÍ
Villanueva de la Cañada,villanueva de la canada,✅ SÍ
Villanueva del Pardillo,villanueva del pardillo,✅ SÍ
Villar del Olmo,villar del olmo,✅ SÍ
Villarejo de Salvanés,villarejo de salvanes,✅ SÍ
Villaviciosa de Odón,villaviciosa de odon,✅ SÍ
Villavieja del Lozoya,villavieja del lozoya,✅ SÍ
Zarzalejo,zarzalejo,✅ SÍ
